[
  {
    "name": "0",
    "dec": "0"
  },
  {
    "name": "5",
    "dec": "5"
  },
  {
    "name": "10",
    "dec": "10"
  },
  {
    "name": "15",
    "dec": "15"
  },
  {
    "name": "20",
    "dec": "20"
  },
  {
    "name": "25",
    "dec": "25"
  },
  {
    "name": "30",
    "dec": "30"
  },
  {
    "name": "35",
    "dec": "35"
  },
  {
    "name": "40",
    "dec": "40"
  },
  {
    "name": "45",
    "dec": "45"
  },
  {
    "name": "50 - Default",
    "dec": "50"
  },
  {
    "name": "55",
    "dec": "55"
  },
  {
    "name": "60",
    "dec": "60"
  },
  {
    "name": "65",
    "dec": "65"
  },
  {
    "name": "70",
    "dec": "70"
  },
  {
    "name": "75",
    "dec": "75"
  },
  {
    "name": "80",
    "dec": "80"
  },
  {
    "name": "85",
    "dec": "85"
  },
  {
    "name": "90",
    "dec": "90"
  },
  {
    "name": "95",
    "dec": "95"
  },
  {
    "name": "100",
    "dec": "100"
  }
]